names,position,batting_style,bowling_style
Asif Ali,Middle order Batter,Batting:Right hand Bat,Bowling:Right arm Offbreak
Ian Bell,Top order Batter,Batting:Right hand Bat,Bowling:Right arm Medium
Cameron Delport,Top order Batter,Batting:Left hand Bat,Bowling:Right arm Medium
Rizwan Hussain,Batter,Batting:Left hand Bat,
Luke Ronchi†,Wicketkeeper Batter,Batting:Right hand Bat,
Sahibzada Farhan,Middle order Batter,Batting:Right hand Bat,
Phil Salt†,Wicketkeeper Batter,Batting:Right hand Bat,Bowling:Right arm Offbreak
Amad Butt,Bowling Allrounder,Batting:Right hand Bat,Bowling:Right arm Fast
Faheem Ashraf,Bowling Allrounder,Batting:Left hand Bat,Bowling:Right arm Medium
Hussain Talat,Allrounder,Batting:Left hand Bat,Bowling:Right arm Medium fast
Samit Patel,Allrounder,Batting:Right hand Bat,Bowling:Slow Left arm Orthodox
Shadab Khan,Allrounder,Batting:Right hand Bat,Bowling:Legbreak
Mohammad Sami(c),Bowler,Batting:Right hand Bat,Bowling:Right arm Fast
Muhammad Musa,Bowler,Batting:Right hand Bat,Bowling:Right arm Fast medium
Wayne Parnell,Bowler,Batting:Left hand Bat,Bowling:Left arm Medium fast
Rumman Raees,Bowler,Batting:Right hand Bat,Bowling:Left arm Medium fast
Waqas Maqsood,Bowler,Batting:Left hand Bat,Bowling:Left arm Fast medium
Zafar Gohar,Bowler,Batting:Left hand Bat,Bowling:Slow Left arm Orthodox
Zahir Khan,Bowler,Batting:Left hand Bat,Bowling:Left arm Wrist spin
Nasir Nawaz,,Batting:Right hand Bat,Bowling:Right arm Medium fast
Colin Ingram,Top order Batter,Batting:Left hand Bat,Bowling:Legbreak
Dawid Malan,Top order Batter,Batting:Left hand Bat,Bowling:Legbreak
Colin Munro,Opening Batter,Batting:Left hand Bat,Bowling:Right arm Medium fast
Saif Badar,Middle order Batter,Batting:Right hand Bat,Bowling:Legbreak Googly
Rassie van der Dussen,Top order Batter,Batting:Right hand Bat,Bowling:Legbreak
Shadab Khan(c),Allrounder,Batting:Right hand Bat,Bowling:Legbreak
Ahmed Safi Abdullah,Bowling Allrounder,Batting:Left hand Bat,Bowling:Slow Left arm Orthodox
Akif Javed,Bowler,Batting:Right hand Bat,Bowling:Left arm Medium fast
Dale Steyn,Bowler,Batting:Right hand Bat,Bowling:Right arm Fast
Azam Khan†,Wicketkeeper Batter,Batting:Right hand Bat,
Alex Hales,Opening Batter,Batting:Right hand Bat,Bowling:Right arm Medium
Rahmanullah Gurbaz†,Wicketkeeper Batter,Batting:Right hand Bat,Bowling:Right arm Medium
Sohaib Maqsood,Middle order Batter,Batting:Right hand Bat,Bowling:Right arm Offbreak
Moeen Ali,Batting Allrounder,Batting:Left hand Bat,Bowling:Right arm Offbreak
Mubasir Khan,Allrounder,Batting:Right hand Bat,Bowling:Right arm Offbreak
Paul Stirling,Batting Allrounder,Batting:Right hand Bat,Bowling:Right arm Offbreak
Zeeshan Zameer,Bowling Allrounder,Batting:Right hand Bat,Bowling:Right arm Fast medium
Abrar Ahmed,Bowler,Batting:Right hand Bat,Bowling:Legbreak Googly
Fazalhaq Farooqi,Bowler,Batting:Right hand Bat,Bowling:Left arm Fast medium
Hasan Ali,Bowler,Batting:Right hand Bat,Bowling:Right arm Medium fast
Mohammad Wasim,Bowler,Batting:Right hand Bat,Bowling:Right arm Fast medium
Rachel Gnanaraj,,Batting:Right hand Bat,Bowling:Right arm Medium
Babar Azam,Batter,Batting:Right hand Bat,Bowling:Right arm Offbreak
Sam Billings†,Wicketkeeper Batter,Batting:Right hand Bat,
Brad Haddin†,Wicketkeeper Batter,Batting:Right hand Bat,
Khalid Latif,Top order Batter,Batting:Right hand Bat,Bowling:Right arm Offbreak
Misbah-ul-Haq,Middle order Batter,Batting:Right hand Bat,Bowling:Legbreak
Sharjeel Khan,Opening Batter,Batting:Left hand Bat,Bowling:Legbreak
Umar Amin,Top order Batter,Batting:Left hand Bat,Bowling:Right arm Medium
Kamran Ghulam,Allrounder,Batting:Right hand Bat,Bowling:Slow Left arm Orthodox
Andre Russell,Allrounder,Batting:Right hand Bat,Bowling:Right arm Fast
Shane Watson,Allrounder,Batting:Right hand Bat,Bowling:Right arm Fast medium
Samuel Badree,Bowler,Batting:Right hand Bat,Bowling:Legbreak
Mohammad Irfan,Bowler,Batting:Right hand Bat,Bowling:Left arm Fast
Mohammad Sami,Bowler,Batting:Right hand Bat,Bowling:Right arm Fast
Imran Khalid,,Batting:Left hand Bat,Bowling:Slow Left arm Orthodox
Iftikhar Ahmed,Middle order Batter,Batting:Right hand Bat,Bowling:Right arm Offbreak
Usman Khawaja,Top order Batter,Batting:Left hand Bat,Bowling:Right arm Medium
Brandon King,Top order Batter,Batting:Right hand Bat,
Muhammad Akhlaq†,Wicketkeeper Batter,Batting:Right hand Bat,Bowling:Right arm Medium fast
Rohail Nazir†,Wicketkeeper Batter,Batting:Right hand Bat,
Janneman Malan,Top order Batter,Batting:Right hand Bat,Bowling:Legbreak
Lewis Gregory,Allrounder,Batting:Right hand Bat,Bowling:Right arm Medium fast
Ali Khan,Bowler,Batting:Right hand Bat,Bowling:Right arm Fast medium
Fawad Ahmed,Bowler,Batting:Right hand Bat,Bowling:Legbreak Googly
Chris Jordan,Bowler,Batting:Right hand Bat,Bowling:Right arm Fast medium
Reece Topley,Bowler,Batting:Right hand Bat,Bowling:Left arm Fast medium
Muhammad Hurraira,Batter,Batting:Right hand Bat,
Danish Aziz,Allrounder,Batting:Left hand Bat,Bowling:Slow Left arm Orthodox
Athar Mahmood,Bowler,Batting:Right hand Bat,Bowling:Right arm Fast medium
Marchant de Lange,Bowler,Batting:Right hand Bat,Bowling:Right arm Fast
Jordan Cox†,Wicketkeeper Batter,Batting:Right hand Bat,
Muhammad Waseem,Opening Batter,Batting:Right hand Bat,Bowling:Right arm Medium
Salman Agha,Allrounder,Batting:Right hand Bat,Bowling:Right arm Offbreak
Tom Curran,Allrounder,Batting:Right hand Bat,Bowling:Right arm Fast medium
Imad Wasim,Allrounder,Batting:Left hand Bat,Bowling:Slow Left arm Orthodox
Qasim Akram,Allrounder,Batting:Right hand Bat,Bowling:Right arm Offbreak
Matthew Forde,Bowler,Batting:Right hand Bat,Bowling:Right arm Medium
Hunain Shah,Bowler,Batting:Right hand Bat,Bowling:Right arm Medium
Obed McCoy,Bowler,Batting:Left hand Bat,Bowling:Left arm Fast medium
Tymal Mills,Bowler,Batting:Right hand Bat,Bowling:Left arm Fast
Naseem Shah,Bowler,Batting:Right hand Bat,Bowling:Right arm Fast
Ubaid Shah,Bowler,Batting:Right hand Bat,Bowling:Right arm Fast medium
Shahab Khan,,Bowling:Left arm Medium,
Shamyl Hussain,,Batting:Left hand Bat,
Misbah-ul-Haq(c),Middle order Batter,Batting:Right hand Bat,Bowling:Legbreak
Mohammad Hasan,Middle order Batter,Batting:Right hand Bat,
Chadwick Walton,Top order Batter,Batting:Right hand Bat,
Jean-Paul Duminy,Batting Allrounder,Batting:Left hand Bat,Bowling:Right arm Offbreak
Steven Finn,Bowler,Batting:Right hand Bat,Bowling:Right arm Fast medium
Awais Zia,Opening Batter,Batting:Left hand Bat,Bowling:Right arm Offbreak
Ben Dunk†,Wicketkeeper Batter,Batting:Left hand Bat,Bowling:Right arm Offbreak
Mohammad Rizwan†,Wicketkeeper Batter,Batting:Right hand Bat,Bowling:Right arm Medium
Imad Wasim(c),Allrounder,Batting:Left hand Bat,Bowling:Slow Left arm Orthodox
Aamer Yamin,Allrounder,Batting:Right hand Bat,Bowling:Right arm Medium
Ali Imran,Batting Allrounder,Batting:Right hand Bat,Bowling:Right arm Medium
Ravi Bopara,Batting Allrounder,Batting:Right hand Bat,Bowling:Right arm Medium
Liam Livingstone,Batting Allrounder,Batting:Right hand Bat,"Bowling:Right arm Offbreak, Legbreak"
Sikandar Raza,Batting Allrounder,Batting:Right hand Bat,"Bowling:Right arm Offbreak, Legbreak"
Mohammad Amir,Bowler,Batting:Left hand Bat,Bowling:Left arm Fast medium
Sohail Khan,Bowler,Batting:Right hand Bat,Bowling:Right arm Fast medium
Umer Khan,Bowler,Batting:Left hand Bat,Bowling:Slow Left arm Orthodox
Usama Mir,Bowler,Batting:Right hand Bat,Bowling:Legbreak
Usman Shinwari,Bowler,Batting:Right hand Bat,Bowling:Left arm Medium fast
Jaahid Ali,,Batting:Right hand Bat,Bowling:Right arm Offbreak
Aaron Summers,,Batting:Right hand Bat,Bowling:Right arm Fast
Ben Duckett,Top order Batter,Batting:Left hand Bat,Bowling:Right arm Offbreak
Nicholas Pooran†,Wicketkeeper Batter,Batting:Left hand Bat,Bowling:Right arm Offbreak
Dwayne Smith,Allrounder,Batting:Right hand Bat,Bowling:Right arm Medium
Zohaib Khan,Allrounder,Batting:Right hand Bat,Bowling:Slow Left arm Orthodox
Saeed Ajmal,Bowler,Batting:Right hand Bat,Bowling:Right arm Offbreak
Leus du Plooy,Middle order Batter,Batting:Left hand Bat,Bowling:Slow Left arm Orthodox
Irfan Khan,Middle order Batter,Batting:Right hand Bat,Bowling:Right arm Medium fast
Tim Seifert†,Wicketkeeper Batter,Batting:Right hand Bat,
Shan Masood,Opening Batter,Batting:Left hand Bat,Bowling:Right arm Medium fast
James Vince,Batter,Batting:Right hand Bat,Bowling:Right arm Medium
Fawad Ali,Bowling Allrounder,Batting:Right hand Bat,Bowling:Right arm Medium fast
Mohammad Nawaz,Allrounder,Batting:Left hand Bat,Bowling:Slow Left arm Orthodox
Jamie Overton,Bowling Allrounder,Batting:Right hand Bat,Bowling:Right arm Fast
Kieron Pollard,Batting Allrounder,Batting:Right hand Bat,Bowling:Right arm Medium
Daniel Sams,Allrounder,Batting:Right hand Bat,Bowling:Left arm Fast medium
Shoaib Malik,Allrounder,Batting:Right hand Bat,Bowling:Right arm Offbreak
Anwar Ali,Bowler,Batting:Right hand Bat,Bowling:Right arm Medium fast
Arafat Minhas,Bowler,Batting:Left hand Bat,Bowling:Slow Left arm Orthodox
Mir Hamza,Bowler,Batting:Left hand Bat,Bowling:Left arm Medium
Mohammad Amir Khan,Bowler,Batting:Right hand Bat,Bowling:Right arm Medium
Muhammad Rohid,Bowler,Bowling:Left arm Medium fast,
Tabraiz Shamsi,Bowler,Batting:Right hand Bat,Bowling:Left arm Wrist spin
Sirajuddin,Bowler,Batting:Right hand Bat,Bowling:Right arm Medium
Saad Baig,,Batting:Left hand Bat,
Mushfiqur Rahim†,Wicketkeeper Batter,Batting:Right hand Bat,
Nauman Anwar,Opening Batter,Batting:Right hand Bat,Bowling:Right arm Medium fast
Saifullah Bangash†,Wicketkeeper Batter,Batting:Right hand Bat,
Lendl Simmons,Top order Batter,Batting:Right hand Bat,Bowling:Right arm Medium fast
Shoaib Malik(c),Allrounder,Batting:Right hand Bat,Bowling:Right arm Offbreak
Shakib Al Hasan,Allrounder,Batting:Left hand Bat,Bowling:Slow Left arm Orthodox
Bilawal Bhatti,Bowler,Batting:Right hand Bat,Bowling:Right arm Medium fast
Sohail Tanvir,Bowler,Batting:Left hand Bat,Bowling:Left arm Medium fast
Babar Azam(c),Batter,Batting:Right hand Bat,Bowling:Right arm Offbreak
Joe Clarke,Top order Batter,Batting:Right hand Bat,
Ian Cockbain,Middle order Batter,Batting:Right hand Bat,Bowling:Right arm Medium
Tom Lammonby,Batting Allrounder,Batting:Left hand Bat,Bowling:Left arm Medium fast
Mohammad Nabi,Allrounder,Batting:Right hand Bat,Bowling:Right arm Offbreak
Mohammad Taha,Allrounder,Batting:Left hand Bat,Bowling:Slow Left arm Orthodox
Jordan Thompson,Bowling Allrounder,Batting:Left hand Bat,Bowling:Right arm Medium fast
Umaid Asif,Bowling Allrounder,Batting:Right hand Bat,Bowling:Right arm Medium fast
Tom Abell,Batting Allrounder,Batting:Right hand Bat,Bowling:Right arm Medium
Romario Shepherd,Bowling Allrounder,Batting:Right hand Bat,Bowling:Right arm Fast medium
Mohammad Ilyas,Bowler,Batting:Right hand Bat,Bowling:Right arm Medium fast
Mohammad Imran,Bowler,Batting:Right hand Bat,Bowling:Left arm Medium fast
Faisal Akram,Bowler,Batting:Left hand Bat,Bowling:Left arm Wrist spin
Talha Ahsan,,Batting:Right hand Bat,Bowling:Legbreak
Sherfane Rutherford,Middle order Batter,Batting:Left hand Bat,Bowling:Right arm Fast medium
Dan Lawrence,Middle order Batter,Batting:Right hand Bat,Bowling:Right arm Offbreak
Arshad Iqbal,Bowler,Batting:Right hand Bat,Bowling:Right arm Medium fast
Mitchell McClenaghan,Bowler,Batting:Left hand Bat,Bowling:Left arm Fast medium
Liam Plunkett,Bowler,Batting:Right hand Bat,Bowling:Right arm Fast
Babar Azam(vc),Batter,Batting:Right hand Bat,Bowling:Right arm Offbreak
Martin Guptill,Opening Batter,Batting:Right hand Bat,Bowling:Right arm Offbreak
Mohammad Haris†,Wicketkeeper Batter,Batting:Right hand Bat,Bowling:Right arm Offbreak
Najibullah Zadran,Middle order Batter,Batting:Left hand Bat,Bowling:Right arm Offbreak
Zeeshan Malik,Opening Batter,Batting:Right hand Bat,Bowling:Right arm Offbreak
Litton Das†,Wicketkeeper Batter,Batting:Right hand Bat,Bowling:Right arm Offbreak
Thisara Perera,Bowling Allrounder,Batting:Left hand Bat,Bowling:Right arm Medium fast
Dan Christian,Allrounder,Batting:Right hand Bat,Bowling:Right arm Fast medium
Abbas Afridi,Bowler,Batting:Right hand Bat,Bowling:Right arm Medium fast
Noor Ahmad,Bowler,Batting:Right hand Bat,Bowling:Left arm Wrist spin
AB de Villiers†,Wicketkeeper Batter,Batting:Right hand Bat,Bowling:Right arm Medium
Anton Devcich,Opening Batter,Batting:Left hand Bat,Bowling:Slow Left arm Orthodox
Fakhar Zaman,Opening Batter,Batting:Left hand Bat,Bowling:Slow Left arm Orthodox
Haris Sohail,Middle order Batter,Batting:Left hand Bat,Bowling:Slow Left arm Orthodox
Syed Saad Ali,Top order Batter,Batting:Left hand Bat,Bowling:Right arm Medium
Brendan Taylor†,Wicketkeeper Batter,Batting:Right hand Bat,Bowling:Right arm Offbreak
Mohammad Hafeez(c),Allrounder,Batting:Right hand Bat,Bowling:Right arm Offbreak
Corey Anderson,Batting Allrounder,Batting:Left hand Bat,Bowling:Left arm Medium fast
Carlos Brathwaite,Allrounder,Batting:Right hand Bat,Bowling:Right arm Fast medium
Sohail Akhtar,Allrounder,Batting:Right hand Bat,Bowling:Right arm Medium
David Wiese,Allrounder,Batting:Right hand Bat,Bowling:Right arm Medium fast
Aizaz Cheema,Bowler,Batting:Right hand Bat,Bowling:Right arm Medium fast
Haris Rauf,Bowler,Batting:Right hand Bat,Bowling:Right arm Fast
Hassan Khan,Bowler,Batting:Right hand Bat,Bowling:Slow Left arm Orthodox
Sandeep Lamichhane,Bowler,Batting:Right hand Bat,Bowling:Legbreak Googly
Rahat Ali,Bowler,Batting:Right hand Bat,Bowling:Left arm Fast medium
Shaheen Shah Afridi,Bowler,Batting:Left hand Bat,Bowling:Left arm Fast
Hardus Viljoen,Bowler,Batting:Right hand Bat,Bowling:Right arm Fast
Yasir Shah,Bowler,Batting:Right hand Bat,Bowling:Legbreak Googly
Gauhar Ali,,Batting:Right hand Bat,
Umair Masood,,Batting:Right hand Bat,
Haider Ali,Middle order Batter,Batting:Right hand Bat,
Tayyab Tahir,Middle order Batter,Batting:Right hand Bat,Bowling:Legbreak Googly
Matthew Wade†,Wicketkeeper Batter,Batting:Left hand Bat,Bowling:Right arm Medium
James Fuller,Allrounder,Batting:Right hand Bat,Bowling:Right arm Fast medium
Imran Tahir,Bowler,Batting:Right hand Bat,Bowling:Legbreak Googly
Mohammad Umar,Bowler,Batting:Right hand Bat,Bowling:Right arm Medium
Andrew Tye,Bowler,Batting:Right hand Bat,Bowling:Right arm Medium fast
Joe Denly,Top order Batter,Batting:Right hand Bat,Bowling:Legbreak
Hasan Mohsin,Middle order Batter,Batting:Right hand Bat,Bowling:Right arm Medium
Khurram Manzoor,Opening Batter,Batting:Right hand Bat,Bowling:Right arm Offbreak
Eoin Morgan,Middle order Batter,Batting:Left hand Bat,Bowling:Right arm Medium
Shahid Afridi,Allrounder,Batting:Right hand Bat,Bowling:Legbreak Googly
Tabish Khan,Bowler,Batting:Right hand Bat,Bowling:Right arm Fast medium
Azhar Ali,Top order Batter,Batting:Right hand Bat,Bowling:Legbreak
Hammad Azam,Middle order Batter,Batting:Right hand Bat,Bowling:Right arm Medium
Naved Yasin,Middle order Batter,Batting:Left hand Bat,Bowling:Slow Left arm Orthodox
Umar Akmal,Middle order Batter,Batting:Right hand Bat,Bowling:Right arm Offbreak
Dwayne Bravo,Allrounder,Batting:Right hand Bat,Bowling:Right arm Medium
Kevon Cooper,Allrounder,Batting:Right hand Bat,Bowling:Right arm Medium
Chris Gayle,Allrounder,Batting:Left hand Bat,Bowling:Right arm Offbreak
Mustafizur Rahman,Bowler,Batting:Left hand Bat,Bowling:Left arm Fast medium
Zia-ul-Haq,Bowler,Batting:Right hand Bat,Bowling:Left arm Fast medium
Adnan Rasool,,Batting:Right hand Bat,Bowling:Right arm Offbreak
Chris Lynn,Batter,Batting:Right hand Bat,Bowling:Slow Left arm Orthodox
Mohammad Faizan,Batter,Batting:Right hand Bat,Bowling:Right arm Medium fast
Salman Butt,Batter,Batting:Left hand Bat,Bowling:Right arm Offbreak
Tamim Iqbal,Opening Batter,Batting:Left hand Bat,
Dane Vilas†,Wicketkeeper Batter,Batting:Right hand Bat,
Sohail Akhtar(c),Allrounder,Batting:Right hand Bat,Bowling:Right arm Medium
Mohammad Hafeez,Allrounder,Batting:Right hand Bat,Bowling:Right arm Offbreak
Seekkuge Prasanna,Allrounder,Batting:Right hand Bat,Bowling:Legbreak
Dilbar Hussain,Bowler,Batting:Right hand Bat,Bowling:Right arm Fast medium
Raja Farzan,Bowler,Batting:Left hand Bat,Bowling:Legbreak Googly
Brendon McCullum(c),Wicketkeeper Batter,Batting:Right hand Bat,"Bowling:Right arm Medium, Right arm Offbreak"
Jason Roy,Opening Batter,Batting:Right hand Bat,
Grant Elliott,Allrounder,Batting:Right hand Bat,Bowling:Right arm Medium
James Franklin,Allrounder,Batting:Left hand Bat,Bowling:Left arm Medium
Chris Green,Bowling Allrounder,Batting:Right hand Bat,Bowling:Right arm Offbreak
Sunil Narine,Bowling Allrounder,Batting:Left hand Bat,Bowling:Right arm Offbreak
Ghulam Mudassar,Bowler,Batting:Right hand Bat,Bowling:Left arm Fast medium
Usman Qadir,Bowler,Batting:Left hand Bat,Bowling:Legbreak
Mohammad Rizwan† (c),Wicketkeeper Batter,Batting:Right hand Bat,Bowling:Right arm Medium
Johnson Charles†,Wicketkeeper Batter,Batting:Right hand Bat,
Tim David,Middle order Batter,Batting:Right hand Bat,Bowling:Right arm Offbreak
Rovman Powell,Middle order Batter,Batting:Right hand Bat,Bowling:Right arm Medium fast
Rilee Rossouw,Top order Batter,Batting:Left hand Bat,Bowling:Right arm Offbreak
Asif Afridi,Bowling Allrounder,Batting:Left hand Bat,Bowling:Slow Left arm Orthodox
Dominic Drakes,Bowling Allrounder,Batting:Left hand Bat,Bowling:Left arm Medium fast
Khushdil Shah,Allrounder,Batting:Left hand Bat,Bowling:Slow Left arm Orthodox
David Willey,Bowling Allrounder,Batting:Left hand Bat,Bowling:Left arm Fast medium
Odean Smith,Bowling Allrounder,Batting:Right hand Bat,Bowling:Right arm Fast medium
Ihsanullah,Bowler,Batting:Right hand Bat,Bowling:Right arm Fast
Imran Khan,Bowler,Batting:Right hand Bat,Bowling:Right arm Medium fast
Blessing Muzarabani,Bowler,Batting:Right hand Bat,Bowling:Right arm Fast medium
Shahnawaz Dahani,Bowler,Batting:Right hand Bat,Bowling:Right arm Fast medium
Muhammad Amir Barki,,Batting:Right hand Bat,Bowling:Right arm Offbreak
Shan Masood(c),Opening Batter,Batting:Left hand Bat,Bowling:Right arm Medium fast
Adam Lyth,Batter,Batting:Left hand Bat,Bowling:Right arm Offbreak
Wayne Madsen,Batter,Batting:Right hand Bat,Bowling:Right arm Offbreak
Zeeshan Ashraf†,Wicketkeeper Batter,Batting:Left hand Bat,Bowling:Right arm Offbreak
Fabian Allen,Bowling Allrounder,Batting:Right hand Bat,Bowling:Slow Left arm Orthodox
Ali Shafique,Bowler,Batting:Right hand Bat,Bowling:Right arm Medium
Junaid Khan,Bowler,Batting:Right hand Bat,Bowling:Left arm Fast
Andre Fletcher,Top order Batter,Batting:Right hand Bat,"Bowling:Right arm Medium fast, Legbreak"
Kamran Akmal†,Wicketkeeper Batter,Batting:Right hand Bat,
Daren Sammy(c),Allrounder,Batting:Right hand Bat,Bowling:Right arm Medium
Liam Dawson,Allrounder,Batting:Right hand Bat,Bowling:Slow Left arm Orthodox
Khalid Usman,Bowling Allrounder,Batting:Right hand Bat,Bowling:Slow Left arm Orthodox
Ibtisam Sheikh,Bowler,Batting:Left hand Bat,Bowling:Legbreak Googly
Sameen Gul,Bowler,Batting:Right hand Bat,Bowling:Right arm Medium
Wahab Riaz,Bowler,Batting:Right hand Bat,Bowling:Left arm Fast
Waqar Salamkheil,Bowler,Batting:Right hand Bat,Bowling:Left arm Wrist spin
Jamal Anwar,,Batting:Right hand Bat,
Nabi Gul,,Batting:Right hand Bat,
Jonny Bairstow†,Wicketkeeper Batter,Batting:Right hand Bat,Bowling:Right arm Medium
Shahid Yousaf,Batter,Batting:Right hand Bat,Bowling:Right arm Medium fast
Jim Allenby,Allrounder,Batting:Right hand Bat,Bowling:Right arm Medium
Daren Sammy,Allrounder,Batting:Right hand Bat,Bowling:Right arm Medium
Abdur Rehman,Bowler,Batting:Left hand Bat,Bowling:Slow Left arm Orthodox
Mohammad Asghar,Bowler,Batting:Right hand Bat,Bowling:Slow Left arm Orthodox
Shaun Tait,Bowler,Batting:Right hand Bat,Bowling:Right arm Fast
Musaddiq Ahmed,,Batting:Right hand Bat,
David Miller,Middle order Batter,Batting:Left hand Bat,Bowling:Right arm Offbreak
Usman Khan,Top order Batter,Batting:Right hand Bat,Bowling:Right arm Offbreak
Sheldon Cottrell,Bowler,Batting:Right hand Bat,Bowling:Left arm Fast medium
Akeal Hosein,Bowler,Batting:Left hand Bat,Bowling:Slow Left arm Orthodox
Josh Little,Bowler,Batting:Right hand Bat,Bowling:Left arm Fast medium
Adil Rashid,Bowler,Batting:Right hand Bat,Bowling:Legbreak
Mohammad Sarwar,,Batting:Right hand Bat,Bowling:Right arm Fast medium
Mohammad Rizwan(c),Wicketkeeper Batter,Batting:Right hand Bat,Bowling:Right arm Medium
Shimron Hetmyer,Middle order Batter,Batting:Left hand Bat,
George Linde,Allrounder,Batting:Left hand Bat,Bowling:Slow Left arm Orthodox
Mahmudullah,Allrounder,Batting:Right hand Bat,Bowling:Right arm Offbreak
Sohaibullah,Bowler,Batting:Left hand Bat,Bowling:Left arm Medium
Marlon Samuels,Top order Batter,Batting:Right hand Bat,Bowling:Right arm Offbreak
Tillakaratne Dilshan,Allrounder,Batting:Right hand Bat,Bowling:Right arm Offbreak
Sarfaraz Ahmed(c),Wicketkeeper Batter,Batting:Right hand Bat,Bowling:Right arm Offbreak
Ahmed Shehzad,Opening Batter,Batting:Right hand Bat,Bowling:Legbreak
Ahsan Ali,Top order Batter,Batting:Right hand Bat,Bowling:Legbreak
Saud Shakeel,Middle order Batter,Batting:Left hand Bat,Bowling:Slow Left arm Orthodox
Harry Gurney,Bowler,Batting:Right hand Bat,Bowling:Left arm Fast medium
Mohammad Hasnain,Bowler,Batting:Right hand Bat,Bowling:Right arm Fast
Jalat Khan,,Batting:Left hand Bat,Bowling:Slow Left arm Orthodox
Asad Shafiq,Middle order Batter,Batting:Right hand Bat,Bowling:Right arm Offbreak
Bismillah Khan†,Wicketkeeper Batter,Batting:Right hand Bat,
Kevin Pietersen,Top order Batter,Batting:Right hand Bat,Bowling:Right arm Offbreak
Luke Wright,Top order Batter,Batting:Right hand Bat,Bowling:Right arm Medium
Saad Nasim,Allrounder,Batting:Right hand Bat,Bowling:Legbreak
Nathan McCullum,Bowler,Batting:Right hand Bat,Bowling:Right arm Offbreak
Umar Gul,Bowler,Batting:Right hand Bat,Bowling:Right arm Fast medium
Zulfiqar Babar,Bowler,Batting:Right hand Bat,Bowling:Slow Left arm Orthodox
Noor Wali,,Batting:Right hand Bat,Bowling:Right arm Medium
Sarfaraz Ahmed† (c),Wicketkeeper Batter,Batting:Right hand Bat,Bowling:Right arm Offbreak
Akbar-ur-Rehman,Allrounder,Batting:Right hand Bat,Bowling:Legbreak Googly
Bilal Asif,Allrounder,Batting:Right hand Bat,Bowling:Right arm Offbreak
Elton Chigumbura,Allrounder,Batting:Right hand Bat,Bowling:Right arm Fast medium
Jason Holder,Bowling Allrounder,Batting:Right hand Bat,Bowling:Right arm Medium fast
Hazratullah Zazai,Opening Batter,Batting:Left hand Bat,Bowling:Slow Left arm Orthodox
Tom Kohler-Cadmore†,Wicketkeeper Batter,Batting:Right hand Bat,Bowling:Right arm Offbreak
Ben Cutting,Allrounder,Batting:Right hand Bat,Bowling:Right arm Fast medium
Wahab Riaz(c),Bowler,Batting:Right hand Bat,Bowling:Left arm Fast
Aarish Ali Khan,Bowler,Batting:Right hand Bat,Bowling:Slow Left arm Orthodox
Pat Brown,Bowler,Batting:Right hand Bat,Bowling:Right arm Fast medium
Saqib Mahmood,Bowler,Batting:Right hand Bat,Bowling:Right arm Fast medium
Matt Parkinson,Bowler,Batting:Right hand Bat,Bowling:Legbreak
Salman Irshad,Bowler,Batting:Right hand Bat,Bowling:Right arm Fast medium
Abdullah Shafique,Top order Batter,Batting:Right hand Bat,Bowling:Right arm Offbreak
Darren Bravo,Top order Batter,Batting:Left hand Bat,Bowling:Right arm Medium
Kumar Sangakkara†,Wicketkeeper Batter,Batting:Left hand Bat,Bowling:Right arm Offbreak
Umar Siddiq,Opening Batter,Batting:Left hand Bat,Bowling:Right arm Offbreak
Ross Whiteley,Middle order Batter,Batting:Left hand Bat,Bowling:Left arm Medium
Kashif Bhatti,Allrounder,Batting:Right hand Bat,Bowling:Slow Left arm Orthodox
Mohammad Abbas,Bowler,Batting:Right hand Bat,Bowling:Right arm Medium fast
Haseebullah Khan†,Wicketkeeper Batter,Batting:Left hand Bat,
Bhanuka Rajapaksa,Top order Batter,Batting:Left hand Bat,Bowling:Right arm Medium
Saim Ayub,Top order Batter,Batting:Left hand Bat,Bowling:Right arm Offbreak
Aamer Jamal,Allrounder,Batting:Right hand Bat,Bowling:Right arm Medium fast
Azmatullah Omarzai,Allrounder,Batting:Right hand Bat,Bowling:Right arm Medium fast
James Neesham,Batting Allrounder,Batting:Left hand Bat,Bowling:Right arm Medium fast
Dasun Shanaka,Allrounder,Batting:Right hand Bat,Bowling:Right arm Medium
Khurram Shahzad,Bowler,Batting:Right hand Bat,Bowling:Right arm Medium fast
Mujeeb Ur Rahman,Bowler,Batting:Right hand Bat,Bowling:Right arm Offbreak
Sufiyan Muqeem,Bowler,Batting:Left hand Bat,Bowling:Left arm Wrist spin
Reeza Hendricks,Opening Batter,Batting:Right hand Bat,Bowling:Right arm Offbreak
Yasir Khan,Top order Batter,Batting:Right hand Bat,
Mohammad Ali,Bowler,Batting:Right hand Bat,Bowling:Right arm Medium fast
Olly Stone,Bowler,Batting:Right hand Bat,Bowling:Right arm Fast
Aftab Ibrahim,,Batting:Right hand Bat,Bowling:Right arm Medium fast
Muhammad Shahzad,,Batting:Right hand Bat,Bowling:Right arm Medium fast
Tom Banton†,Wicketkeeper Batter,Batting:Right hand Bat,
Faf du Plessis,Middle order Batter,Batting:Right hand Bat,Bowling:Legbreak
Imam-ul-Haq,Top order Batter,Batting:Left hand Bat,
Mohammad Mohsin,Bowling Allrounder,Batting:Left hand Bat,Bowling:Legbreak Googly
Dwaine Pretorius,Bowling Allrounder,Batting:Right hand Bat,Bowling:Right arm Medium fast
Aamir Ali,,Batting:Left hand Bat,Bowling:Slow Left arm Orthodox
Adil Amin,,Batting:Right hand Bat,Bowling:Right arm Offbreak
Abdul Bangalzai,Batter,Batting:Right hand Bat,
Will Smeed,Top order Batter,Batting:Right hand Bat,Bowling:Right arm Offbreak
James Faulkner,Bowling Allrounder,Batting:Right hand Bat,Bowling:Left arm Fast medium
Ashir Qureshi,Bowler,Batting:Right hand Bat,Bowling:Legbreak Googly
Luke Wood,Bowler,Batting:Left hand Bat,Bowling:Left arm Fast medium
Naveen-ul-Haq,Bowler,Batting:Right hand Bat,Bowling:Right arm Medium fast
Jonathan Wells,Middle order Batter,Batting:Right hand Bat,Bowling:Right arm Medium
Shoaib Malik(vc),Allrounder,Batting:Right hand Bat,Bowling:Right arm Offbreak
Fidel Edwards,Bowler,Batting:Right hand Bat,Bowling:Right arm Fast
Omair Yousuf,Batter,Batting:Right hand Bat,
Sarfaraz Ahmed†,Wicketkeeper Batter,Batting:Right hand Bat,Bowling:Right arm Offbreak
Qais Ahmad,Bowler,Batting:Right hand Bat,Bowling:Legbreak
Aimal Khan,,Batting:Right hand Bat,Bowling:Right arm Medium
Mohammad Zahid,,Batting:Right hand Bat,Bowling:Right arm Fast
Mohammad Arif,Opening Batter,Batting:Right hand Bat,
Taimoor Sultan,Opening Batter,Batting:Right hand Bat,
Riki Wessels,Middle order Batter,Batting:Right hand Bat,
Sabbir Rahman,Batting Allrounder,Batting:Right hand Bat,Bowling:Legbreak
Li Jian,,Batting:Right hand Bat,Bowling:Right arm Medium fast
Dan Mousley,Batting Allrounder,Batting:Left hand Bat,Bowling:Right arm Offbreak
Paul Walter,Allrounder,Batting:Left hand Bat,Bowling:Left arm Medium
Arif Yaqoob,Bowler,Batting:Right hand Bat,Bowling:Legbreak
Mehran Mumtaz,Bowler,Batting:Left hand Bat,Bowling:Slow Left arm Orthodox
Mohammad Zeeshan,Bowler,Batting:Right hand Bat,Bowling:Right arm Medium
Lungi Ngidi,Bowler,Batting:Right hand Bat,Bowling:Right arm Fast medium
Umair Afridi,,Batting:Left hand Bat,Bowling:Left arm Medium
Shane Watson(vc),Allrounder,Batting:Right hand Bat,Bowling:Right arm Fast medium
Abdul Nasir,Allrounder,Batting:Right hand Bat,Bowling:Right arm Offbreak
Keemo Paul,Allrounder,Batting:Right hand Bat,Bowling:Right arm Fast medium
Jake Weatherald,Top order Batter,Batting:Left hand Bat,Bowling:Legbreak
Mohammad Nawaz(vc),Allrounder,Batting:Left hand Bat,Bowling:Slow Left arm Orthodox
Jack Wildermuth,Allrounder,Batting:Right hand Bat,Bowling:Right arm Medium fast
Zahid Mahmood,Bowler,Batting:Right hand Bat,Bowling:Legbreak
Zahoor Khan,Bowler,Batting:Right hand Bat,Bowling:Right arm Medium fast
Rashid Khan,Bowling Allrounder,Batting:Right hand Bat,Bowling:Legbreak Googly
Jofra Archer,Bowler,Batting:Right hand Bat,Bowling:Right arm Fast
Faraz Ahmed,Bowler,Batting:Right hand Bat,Bowling:Right arm Medium fast
Laurie Evans,Batter,Batting:Right hand Bat,Bowling:Right arm Offbreak
Khawaja Nafay,Batter,Batting:Right hand Bat,Bowling:Right arm Offbreak
Adil Naz,,Batting:Right hand Bat,
Sajjad Ali,,Batting:Right hand Bat,
Usman Tariq,,Batting:Right hand Bat,Bowling:Right arm Offbreak
